vid,session,single/multi,test/train,pred,color pair,initial nan,vel nan,correct,final nan,levers,mags,trial type,familiarity,fiber pho,initial nan no tail,vel nan no tail
062425_COOPTRAIN_LARGEARENA_FIBER_KM022Y-KM027G_Cam1_SessNum3_Camera1.mp4,062425_COOPTRAIN_LARGEARENA_FIBER_KM022Y-KM027G_Cam1_SessNum3,multi,train,False,GY,-1.0,-1.0,False,-1,False,False,coop,,True,,
061925_COOPTRAIN_LARGEARENA_FIBER_KM022B-KM027R_Cam1_SessNum1_Camera1.mp4,061925_COOPTRAIN_LARGEARENA_FIBER_KM022B-KM027R_Cam1_SessNum1,multi,train,False,RB,-1.0,-1.0,False,-1,False,False,coop,,True,,
060925_COOPTRAIN_LARGEARENA_KF024R-KF025B_SessNum3_Camera4.mp4,060925_COOPTRAIN_LARGEARENA_KF024R-KF025B_SessNum3,multi,train,False,RB,-1.0,-1.0,False,-1,False,False,coop,,True,,
062425_COOPTRAIN_LARGEARENA_FIBER_KM017G-KM017R_Cam2_SessNum1_Camera1.mp4,062425_COOPTRAIN_LARGEARENA_FIBER_KM017G-KM017R_Cam2_SessNum1,multi,train,True,RG,0.5885339719133047,0.6400438347268447,False,-1,False,False,coop,,True,0.49998985307248967,0.5641742430392077
062425_COOPTRAIN_LARGEARENA_FIBER_KM027R-KM022B_Cam1_SessNum1_Camera1.mp4,062425_COOPTRAIN_LARGEARENA_FIBER_KM027R-KM022B_Cam1_SessNum1,multi,train,False,RB,-1.0,-1.0,False,-1,False,False,coop,,True,,
061225_COOPTRAIN_LARGEARENA_FIBER_KM027G-KM022Y_Cam1_SessNum4_Camera1.mp4,061225_COOPTRAIN_LARGEARENA_FIBER_KM027G-KM022Y_Cam1_SessNum4,multi,train,False,GY,-1.0,-1.0,False,-1,False,False,coop,,True,,
060325_COOPTRAIN_LARGEARENA_KF026Y-KF026R_SessNum5_Camera3.mp4,060325_COOPTRAIN_LARGEARENA_KF026Y-KF026R_SessNum5,multi,train,False,RY,-1.0,-1.0,False,-1,False,False,coop,,True,,
061225_COOPTRAIN_LARGEARENA_FIBER_KF024R-KF025B_Cam4_SessNum1_Camera4.mp4,061225_COOPTRAIN_LARGEARENA_FIBER_KF024R-KF025B_Cam4_SessNum1,multi,train,False,RB,-1.0,-1.0,False,-1,False,False,coop,,True,,
061225_COOPTRAIN_LARGEARENA_FIBER_KF025Y-KF024G_Cam4_SessNum4_Camera4.mp4,061225_COOPTRAIN_LARGEARENA_FIBER_KF025Y-KF024G_Cam4_SessNum4,multi,train,False,GY,-1.0,-1.0,False,-1,False,False,coop,,True,,
061825_COOPTRAIN_LARGEARENA_FIBER_KM018B-KM018Y_Cam1_SessNum2_Camera1.mp4,061825_COOPTRAIN_LARGEARENA_FIBER_KM018B-KM018Y_Cam1_SessNum2,multi,train,True,YB,0.5479234844943119,0.5956872370266479,False,-1,False,False,coop,,True,0.4487981143836684,0.5083177497272869
060425_COOPTRAIN_LARGEARENA_KM022B-KM027R_SessNum1_Camera2.mp4,060425_COOPTRAIN_LARGEARENA_KM022B-KM027R_SessNum1,multi,train,False,RB,-1.0,-1.0,False,-1,False,False,coop,,True,,
061125_COOPTRAIN_LARGEARENA_KM027G-KM022Y_SessNum4_Camera2.mp4,061125_COOPTRAIN_LARGEARENA_KM027G-KM022Y_SessNum4,multi,train,False,GY,-1.0,-1.0,False,-1,False,False,coop,,True,,
060325_COOPTRAIN_LARGEARENA_KF025Y-KF024G_SessNum4_Camera3.mp4,060325_COOPTRAIN_LARGEARENA_KF025Y-KF024G_SessNum4,multi,train,False,GY,-1.0,-1.0,False,-1,False,False,coop,,True,,
062625_COOPTRAIN_LARGEARENA_FIBER_KF018Y-KF018B_Cam3_SessNum2_Camera3.mp4,062625_COOPTRAIN_LARGEARENA_FIBER_KF018Y-KF018B_Cam3_SessNum2,multi,train,True,YB,0.5450538910063861,0.5858646540626499,False,-1,False,False,coop,,True,0.44706186738016507,0.49775980008582177
061025_COOPTRAIN_LARGEARENA_KM027R-KM022B_SessNum4_Camera2.mp4,061025_COOPTRAIN_LARGEARENA_KM027R-KM022B_SessNum4,multi,train,False,RB,-1.0,-1.0,False,-1,False,False,coop,,True,,
060525_COOPTRAIN_LARGEARENA_KF025B-KF024R_SessNum3_Camera3.mp4,060525_COOPTRAIN_LARGEARENA_KF025B-KF024R_SessNum3,multi,train,False,RB,-1.0,-1.0,False,-1,False,False,coop,,True,,
062625_COOPTRAIN_LARGEARENA_FIBER_KM017G-KM017R_Cam2_SessNum2_Camera2.mp4,062625_COOPTRAIN_LARGEARENA_FIBER_KM017G-KM017R_Cam2_SessNum2,multi,train,True,RG,0.5740657875946114,0.6360498881325273,False,-1,False,False,coop,,True,0.47821559480173276,0.5555648117294235
061025_COOPTRAIN_LARGEARENA_KF026R-KF026Y_SessNum4_Camera4.mp4,061025_COOPTRAIN_LARGEARENA_KF026R-KF026Y_SessNum4,multi,train,False,RY,-1.0,-1.0,False,-1,False,False,coop,,True,,
060625_COOPTRAIN_LARGEARENA_KF023G-KF023B_SessNum3_Camera3.mp4,060625_COOPTRAIN_LARGEARENA_KF023G-KF023B_SessNum3,multi,train,False,GB,-1.0,-1.0,False,-1,False,False,coop,,True,,
062025_COOPTRAIN_LARGEARENA_FIBER_KM018Y-KM018B_Cam1_SessNum3_Camera1.mp4,062025_COOPTRAIN_LARGEARENA_FIBER_KM018Y-KM018B_Cam1_SessNum3,multi,train,True,YB,0.5501414853643828,0.5863478220531614,False,-1,False,False,coop,,True,0.45019599202115324,0.4953031497889317
060325_COOPTRAIN_LARGEARENA_KF025B-KF024R_SessNum5_Camera4.mp4,060325_COOPTRAIN_LARGEARENA_KF025B-KF024R_SessNum5,multi,train,False,RB,-1.0,-1.0,False,-1,False,False,coop,,True,,
062025_COOPTRAIN_LARGEARENA_FIBER_KM017G-KM017R_Cam2_SessNum4_Camera2.mp4,062025_COOPTRAIN_LARGEARENA_FIBER_KM017G-KM017R_Cam2_SessNum4,multi,train,True,RG,0.5946876622252985,0.6547759127876795,False,-1,False,False,coop,,True,0.5042935629001557,0.5792092057449386
061625_COOPTRAIN_LARGEARENA_FIBER_KF023B-KF023G_Cam4_SessNum3_Camera4.mp4,061625_COOPTRAIN_LARGEARENA_FIBER_KF023B-KF023G_Cam4_SessNum3,multi,train,False,GB,-1.0,-1.0,False,-1,False,False,coop,,True,,
061625_COOPTRAIN_LARGEARENA_FIBER_KF023G-KF023B_Cam3_SessNum2_Camera3.mp4,061625_COOPTRAIN_LARGEARENA_FIBER_KF023G-KF023B_Cam3_SessNum2,multi,train,False,GB,-1.0,-1.0,False,-1,False,False,coop,,True,,
060225_COOPTRAIN_LARGEARENA_KF026R-KF026Y_SessNum1_Camera4.mp4,060225_COOPTRAIN_LARGEARENA_KF026R-KF026Y_SessNum1,multi,train,False,RY,-1.0,-1.0,False,-1,False,False,coop,,True,,
062325_COOPTRAIN_LARGEARENA_FIBER_KM018B-KM018Y_Cam1_SessNum2_Camera1.mp4,062325_COOPTRAIN_LARGEARENA_FIBER_KM018B-KM018Y_Cam1_SessNum2,multi,train,True,YB,0.5819198436977814,0.6198668346229981,False,-1,False,False,coop,,True,0.4947138743926579,0.541829481477673
062325_COOPTRAIN_LARGEARENA_FIBER_KM018Y-KM018B_Cam1_SessNum4_Camera1.mp4,062325_COOPTRAIN_LARGEARENA_FIBER_KM018Y-KM018B_Cam1_SessNum4,multi,train,True,YB,0.5690543951028298,0.6144176555871771,False,-1,False,False,coop,,True,0.47939711646888256,0.5358058583472051
060325_COOPTRAIN_LARGEARENA_KF023G-KF023B_SessNum1_Camera4.mp4,060325_COOPTRAIN_LARGEARENA_KF023G-KF023B_SessNum1,multi,train,False,GB,-1.0,-1.0,False,-1,False,False,coop,,True,,
060925_COOPTRAIN_LARGEARENA_KM017R-KM017G_SessNum3_Camera2.mp4,060925_COOPTRAIN_LARGEARENA_KM017R-KM017G_SessNum3,multi,train,True,RG,0.46867793863041957,0.5108059822448152,False,-1,False,False,coop,,True,0.3637326408074557,0.4157710796773124
061925_COOPTRAIN_LARGEARENA_FIBER_KM017G-KM017R_Cam1_SessNum4_Camera1.mp4,061925_COOPTRAIN_LARGEARENA_FIBER_KM017G-KM017R_Cam1_SessNum4,multi,train,True,RG,0.5545890515790011,0.6042905974184991,False,-1,False,False,coop,,True,0.4543709504617111,0.5164022243763073
060425_COOPTRAIN_LARGEARENA_KF024G-KF025Y_SessNum2_Camera4.mp4,060425_COOPTRAIN_LARGEARENA_KF024G-KF025Y_SessNum2,multi,train,False,GY,-1.0,-1.0,False,-1,False,False,coop,,True,,
060425_COOPTRAIN_LARGEARENA_KM017R-KM017G_SessNum1_Camera1.mp4,060425_COOPTRAIN_LARGEARENA_KM017R-KM017G_SessNum1,multi,train,True,RG,0.5522165764571597,0.5813984314591848,False,-1,False,False,coop,,True,0.46347665598880666,0.49968932950403183
061125_COOPTRAIN_LARGEARENA_KF026R-KF026Y_SessNum1_Camera3.mp4,061125_COOPTRAIN_LARGEARENA_KF026R-KF026Y_SessNum1,multi,train,False,RY,-1.0,-1.0,False,-1,False,False,coop,,True,,
060425_COOPTRAIN_LARGEARENA_KM022Y-KM027G_SessNum2_Camera2.mp4,060425_COOPTRAIN_LARGEARENA_KM022Y-KM027G_SessNum2,multi,train,False,GY,-1.0,-1.0,False,-1,False,False,coop,,True,,
061725_COOPTRAIN_LARGEARENA_FIBER_KM017G-KM017R_Cam1_SessNum2_Camera1.mp4,061725_COOPTRAIN_LARGEARENA_FIBER_KM017G-KM017R_Cam1_SessNum2,multi,train,True,RG,0.5579673124797055,0.6094101093191904,False,-1,False,False,coop,,True,0.462249702348739,0.5262203701699318
062625_COOPTRAIN_LARGEARENA_FIBER_KF018B-KF018Y_Cam3_SessNum1_Camera3.mp4,062625_COOPTRAIN_LARGEARENA_FIBER_KF018B-KF018Y_Cam3_SessNum1,multi,train,True,YB,0.4982407663258727,0.5209450124343742,False,-1,False,False,coop,,True,0.3968200239476835,0.4249447361149489
060625_COOPTRAIN_LARGEARENA_KM027R-KM022B_SessNum1_Camera1.mp4,060625_COOPTRAIN_LARGEARENA_KM027R-KM022B_SessNum1,multi,train,False,RB,-1.0,-1.0,False,-1,False,False,coop,,True,,
061825_COOPTRAIN_LARGEARENA_FIBER_KF025Y-KF024G_Cam3_SessNum3_Camera3.mp4,061825_COOPTRAIN_LARGEARENA_FIBER_KF025Y-KF024G_Cam3_SessNum3,multi,train,False,GY,-1.0,-1.0,False,-1,False,False,coop,,True,,
060525_COOPTRAIN_LARGEARENA_KM022Y-KM027G_SessNum2_Camera2.mp4,060525_COOPTRAIN_LARGEARENA_KM022Y-KM027G_SessNum2,multi,train,False,GY,-1.0,-1.0,False,-1,False,False,coop,,True,,
060925_COOPTRAIN_LARGEARENA_KM018B-KM018Y_SessNum4_Camera1.mp4,060925_COOPTRAIN_LARGEARENA_KM018B-KM018Y_SessNum4,multi,train,True,YB,0.5050544838757178,0.5305293771167722,False,-1,False,False,coop,,True,0.40343377264025915,0.43493686496834044
061725_COOPTRAIN_LARGEARENA_FIBER_KF026R-KF025B_Cam4_SessNum3_Camera4.mp4,061725_COOPTRAIN_LARGEARENA_FIBER_KF026R-KF025B_Cam4_SessNum3,multi,train,False,RB,-1.0,-1.0,False,-1,False,False,coop,,True,,
061025_COOPTRAIN_LARGEARENA_KF023B-KF023G_SessNum4_Camera3.mp4,061025_COOPTRAIN_LARGEARENA_KF023B-KF023G_SessNum4,multi,train,False,GB,-1.0,-1.0,False,-1,False,False,coop,,True,,
062425_COOPTRAIN_LARGEARENA_FIBER_KF026R-KF025B_Cam4_SessNum1_Camera4.mp4,062425_COOPTRAIN_LARGEARENA_FIBER_KF026R-KF025B_Cam4_SessNum1,multi,train,False,RB,-1.0,-1.0,False,-1,False,False,coop,,True,,
061125_COOPTRAIN_LARGEARENA_KM017R-KM017G_SessNum1_Camera2.mp4,061125_COOPTRAIN_LARGEARENA_KM017R-KM017G_SessNum1,multi,train,True,RG,0.5257162823200558,0.5641491044172275,False,-1,False,False,coop,,True,0.43925622494391114,0.48644442605465443
060925_COOPTRAIN_LARGEARENA_KM017G-KM017R_SessNum2_Camera2.mp4,060925_COOPTRAIN_LARGEARENA_KM017G-KM017R_SessNum2,multi,train,True,RG,0.5547162167139332,0.5960627601193326,False,-1,False,False,coop,,True,0.4668336341202902,0.5178998931899378
061025_COOPTRAIN_LARGEARENA_KM017G-KM017R_SessNum3_Camera2.mp4,061025_COOPTRAIN_LARGEARENA_KM017G-KM017R_SessNum3,multi,train,True,RG,0.4911650503303215,0.5263833937542556,False,-1,False,False,coop,,True,0.39361853848843414,0.43705719438361457
060525_COOPTRAIN_LARGEARENA_KF023G-KF023B_SessNum1_Camera4.mp4,060525_COOPTRAIN_LARGEARENA_KF023G-KF023B_SessNum1,multi,train,False,GB,-1.0,-1.0,False,-1,False,False,coop,,True,,
061125_COOPTRAIN_LARGEARENA_KF024G-KF025Y_SessNum4_Camera4.mp4,061125_COOPTRAIN_LARGEARENA_KF024G-KF025Y_SessNum4,multi,train,False,GY,-1.0,-1.0,False,-1,False,False,coop,,True,,
062325_COOPTRAIN_LARGEARENA_FIBER_KM027G-KM022Y_Cam1_SessNum3_Camera1.mp4,062325_COOPTRAIN_LARGEARENA_FIBER_KM027G-KM022Y_Cam1_SessNum3,multi,train,False,GY,-1.0,-1.0,False,-1,False,False,coop,,True,,
062325_COOPTRAIN_LARGEARENA_FIBER_KF026R-KF025B_Cam3_SessNum4_Camera3.mp4,062325_COOPTRAIN_LARGEARENA_FIBER_KF026R-KF025B_Cam3_SessNum4,multi,train,False,RB,-1.0,-1.0,False,-1,False,False,coop,,True,,
061925_COOPTRAIN_LARGEARENA_FIBER_KF023B-KF023G_Cam3_SessNum3_Camera3.mp4,061925_COOPTRAIN_LARGEARENA_FIBER_KF023B-KF023G_Cam3_SessNum3,multi,train,False,GB,-1.0,-1.0,False,-1,False,False,coop,,True,,
060325_COOPTRAIN_LARGEARENA_KM018Y-KM018B_SessNum4_Camera1.mp4,060325_COOPTRAIN_LARGEARENA_KM018Y-KM018B_SessNum4,multi,train,True,YB,0.5196118864381191,0.5489689582796332,False,-1,False,False,coop,,True,0.4206328018558751,0.4570230511470339
061825_COOPTRAIN_LARGEARENA_FIBER_KF024G-KF025Y_Cam3_SessNum1_Camera3.mp4,061825_COOPTRAIN_LARGEARENA_FIBER_KF024G-KF025Y_Cam3_SessNum1,multi,train,False,GY,-1.0,-1.0,False,-1,False,False,coop,,True,,
061325_COOPTRAIN_LARGEARENA_FIBER_KM027R-KM022B_Cam2_SessNum2_Camera2.mp4,061325_COOPTRAIN_LARGEARENA_FIBER_KM027R-KM022B_Cam2_SessNum2,multi,train,False,RB,-1.0,-1.0,False,-1,False,False,coop,,True,,
061725_COOPTRAIN_LARGEARENA_FIBER_KF023G-KF023B_Cam3_SessNum4_Camera3.mp4,061725_COOPTRAIN_LARGEARENA_FIBER_KF023G-KF023B_Cam3_SessNum4,multi,train,False,GB,-1.0,-1.0,False,-1,False,False,coop,,True,,
061625_COOPTRAIN_LARGEARENA_FIBER_KM027R-KM022B_Cam1_SessNum3_Camera1.mp4,061625_COOPTRAIN_LARGEARENA_FIBER_KM027R-KM022B_Cam1_SessNum3,multi,train,False,RB,-1.0,-1.0,False,-1,False,False,coop,,True,,
062025_COOPTRAIN_LARGEARENA_FIBER_KM022Y-KM027G_Cam2_SessNum2_Camera2.mp4,062025_COOPTRAIN_LARGEARENA_FIBER_KM022Y-KM027G_Cam2_SessNum2,multi,train,False,GY,-1.0,-1.0,False,-1,False,False,coop,,True,,
060925_COOPTRAIN_LARGEARENA_KF023B-KF023G_SessNum1_Camera4.mp4,060925_COOPTRAIN_LARGEARENA_KF023B-KF023G_SessNum1,multi,train,False,GB,-1.0,-1.0,False,-1,False,False,coop,,True,,
060525_COOPTRAIN_LARGEARENA_KF026R-KF026Y_SessNum2_Camera3.mp4,060525_COOPTRAIN_LARGEARENA_KF026R-KF026Y_SessNum2,multi,train,False,RY,-1.0,-1.0,False,-1,False,False,coop,,True,,
060325_COOPTRAIN_LARGEARENA_KM022Y-KM027G_SessNum6_Camera1.mp4,060325_COOPTRAIN_LARGEARENA_KM022Y-KM027G_SessNum6,multi,train,False,GY,-1.0,-1.0,False,-1,False,False,coop,,True,,
061325_COOPTRAIN_LARGEARENA_FIBER_KM027G-KM022Y_Cam1_SessNum1_Camera1.mp4,061325_COOPTRAIN_LARGEARENA_FIBER_KM027G-KM022Y_Cam1_SessNum1,multi,train,False,GY,-1.0,-1.0,False,-1,False,False,coop,,True,,
062625_COOPTRAIN_LARGEARENA_FIBER_KF026R-KF025B_Cam4_SessNum1_Camera4.mp4,062625_COOPTRAIN_LARGEARENA_FIBER_KF026R-KF025B_Cam4_SessNum1,multi,train,False,RB,-1.0,-1.0,False,-1,False,False,coop,,True,,
060325_COOPTRAIN_LARGEARENA_KF024R-KF025B_SessNum1_Camera3.mp4,060325_COOPTRAIN_LARGEARENA_KF024R-KF025B_SessNum1,multi,train,False,RB,-1.0,-1.0,False,-1,False,False,coop,,True,,
062525_COOPTRAIN_LARGEARENA_FIBER_KM017R-KM017G_Cam2_SessNum1_Camera2.mp4,062525_COOPTRAIN_LARGEARENA_FIBER_KM017R-KM017G_Cam2_SessNum1,multi,train,True,RG,0.5691319096077588,0.6209545649992834,False,-1,False,False,coop,,True,0.47142993645788545,0.5360828436290669
060325_COOPTRAIN_LARGEARENA_KM022Y-KM027G_SessNum2_Camera1.mp4,060325_COOPTRAIN_LARGEARENA_KM022Y-KM027G_SessNum2,multi,train,False,GY,-1.0,-1.0,False,-1,False,False,coop,,True,,
062625_COOPTRAIN_LARGEARENA_FIBER_KF026R-KF025B_Cam4_SessNum2_Camera4.mp4,062625_COOPTRAIN_LARGEARENA_FIBER_KF026R-KF025B_Cam4_SessNum2,multi,train,False,RB,-1.0,-1.0,False,-1,False,False,coop,,True,,
061325_COOPTRAIN_LARGEARENA_FIBER_KM018B-KM018Y_Cam2_SessNum3_Camera1.mp4,061325_COOPTRAIN_LARGEARENA_FIBER_KM018B-KM018Y_Cam2_SessNum3,multi,train,True,YB,0.5151458793444147,0.5540253399976752,False,-1,False,False,coop,,True,0.4147622922236429,0.463079739625712
062425_COOPTRAIN_LARGEARENA_FIBER_KF024G-KF025Y_Cam4_SessNum4_Camera4.mp4,062425_COOPTRAIN_LARGEARENA_FIBER_KF024G-KF025Y_Cam4_SessNum4,multi,train,False,GY,-1.0,-1.0,False,-1,False,False,coop,,True,,
061125_COOPTRAIN_LARGEARENA_KF024R-KF025B_SessNum3_Camera4.mp4,061125_COOPTRAIN_LARGEARENA_KF024R-KF025B_SessNum3,multi,train,False,RB,-1.0,-1.0,False,-1,False,False,coop,,True,,
061125_COOPTRAIN_LARGEARENA_KM018B-KM018Y_SessNum2_Camera2.mp4,061125_COOPTRAIN_LARGEARENA_KM018B-KM018Y_SessNum2,multi,train,True,YB,0.5442754837165633,0.581144719159042,False,-1,False,False,coop,,True,0.45351534453874337,0.4991094276404205
060625_COOPTRAIN_LARGEARENA_KF025Y-KF024G_SessNum2_Camera3.mp4,060625_COOPTRAIN_LARGEARENA_KF025Y-KF024G_SessNum2,multi,train,False,GY,-1.0,-1.0,False,-1,False,False,coop,,True,,
060225_COOPTRAIN_LARGEARENA_KM022Y-KM027G_SessNum4_Camera1.mp4,060225_COOPTRAIN_LARGEARENA_KM022Y-KM027G_SessNum4,multi,train,False,GY,-1.0,-1.0,False,-1,False,False,coop,,True,,
061025_COOPTRAIN_LARGEARENA_KM018B-KM018Y_SessNum2_Camera1.mp4,061025_COOPTRAIN_LARGEARENA_KM018B-KM018Y_SessNum2,multi,train,True,YB,0.5242677362378569,0.5529989696791286,False,-1,False,False,coop,,True,0.4322633021783927,0.46779557329997057
061825_COOPTRAIN_LARGEARENA_FIBER_KF026R-KF025B_Cam4_SessNum1_Camera4.mp4,061825_COOPTRAIN_LARGEARENA_FIBER_KF026R-KF025B_Cam4_SessNum1,multi,train,False,RB,-1.0,-1.0,False,-1,False,False,coop,,True,,
060425_COOPTRAIN_LARGEARENA_KF023B-KF023G_SessNum3_Camera3.mp4,060425_COOPTRAIN_LARGEARENA_KF023B-KF023G_SessNum3,multi,train,False,GB,-1.0,-1.0,False,-1,False,False,coop,,True,,
061225_COOPTRAIN_LARGEARENA_FIBER_KF023B-KF023G_Cam3_SessNum3_Camera3.mp4,061225_COOPTRAIN_LARGEARENA_FIBER_KF023B-KF023G_Cam3_SessNum3,multi,train,False,GB,-1.0,-1.0,False,-1,False,False,coop,,True,,
060525_COOPTRAIN_LARGEARENA_KF023B-KF023G_SessNum4_Camera3.mp4,060525_COOPTRAIN_LARGEARENA_KF023B-KF023G_SessNum4,multi,train,False,GB,-1.0,-1.0,False,-1,False,False,coop,,True,,
060925_COOPTRAIN_LARGEARENA_KM018Y-KM018B_SessNum1_Camera1.mp4,060925_COOPTRAIN_LARGEARENA_KM018Y-KM018B_SessNum1,multi,train,True,YB,0.5422380943615044,0.5633322901901588,False,-1,False,False,coop,,True,0.4550834821346391,0.48102323141210906
061025_COOPTRAIN_LARGEARENA_KM017R-KM017G_SessNum1_Camera1.mp4,061025_COOPTRAIN_LARGEARENA_KM017R-KM017G_SessNum1,multi,train,True,RG,0.5176417525773196,0.5529455081001473,False,-1,False,False,coop,,True,0.42368832842415316,0.4673669918998527
061725_COOPTRAIN_LARGEARENA_FIBER_KM018Y-KM018B_Cam2_SessNum1_Camera2.mp4,061725_COOPTRAIN_LARGEARENA_FIBER_KM018Y-KM018B_Cam2_SessNum1,multi,train,True,YB,0.5519802570399867,0.5934190133288825,False,-1,False,False,coop,,True,0.45910131381291874,0.5104347981592313
062325_COOPTRAIN_LARGEARENA_FIBER_KM017R-KM017G_Cam1_SessNum1_Camera1.mp4,062325_COOPTRAIN_LARGEARENA_FIBER_KM017R-KM017G_Cam1_SessNum1,multi,train,True,RG,0.5086089861006358,0.5629511906044607,False,-1,False,False,coop,,True,0.4049267320331861,0.47247737312789573
060325_COOPTRAIN_LARGEARENA_KF025B-KF024R_SessNum3_Camera4.mp4,060325_COOPTRAIN_LARGEARENA_KF025B-KF024R_SessNum3,multi,train,False,RB,-1.0,-1.0,False,-1,False,False,coop,,True,,
061025_COOPTRAIN_LARGEARENA_KM022B-KM027R_SessNum1_Camera2.mp4,061025_COOPTRAIN_LARGEARENA_KM022B-KM027R_SessNum1,multi,train,False,RB,-1.0,-1.0,False,-1,False,False,coop,,True,,
061225_COOPTRAIN_LARGEARENA_FIBER_KF026R-KF026Y_Cam4_SessNum2_Camera4.mp4,061225_COOPTRAIN_LARGEARENA_FIBER_KF026R-KF026Y_Cam4_SessNum2,multi,train,False,RY,-1.0,-1.0,False,-1,False,False,coop,,True,,
060425_COOPTRAIN_LARGEARENA_KF025Y-KF024G_SessNum3_Camera4.mp4,060425_COOPTRAIN_LARGEARENA_KF025Y-KF024G_SessNum3,multi,train,False,GY,-1.0,-1.0,False,-1,False,False,coop,,True,,
062525_COOPTRAIN_LARGEARENA_FIBER_KF018Y-KF018B_Cam3_SessNum2_Camera3.mp4,062525_COOPTRAIN_LARGEARENA_FIBER_KF018Y-KF018B_Cam3_SessNum2,multi,train,True,YB,0.4921967265089367,0.5192248246344073,False,-1,False,False,coop,,True,0.3778831292355249,0.41149486783180755
061325_COOPTRAIN_LARGEARENA_FIBER_KF026R-KF026Y_Cam4_SessNum2_Camera4.mp4,061325_COOPTRAIN_LARGEARENA_FIBER_KF026R-KF026Y_Cam4_SessNum2,multi,train,False,RY,-1.0,-1.0,False,-1,False,False,coop,,True,,
060525_COOPTRAIN_LARGEARENA_KM027G-KM022Y_SessNum3_Camera2.mp4,060525_COOPTRAIN_LARGEARENA_KM027G-KM022Y_SessNum3,multi,train,False,GY,-1.0,-1.0,False,-1,False,False,coop,,True,,
062725_COOPTRAIN_LARGEARENA_FIBER_KF026R-KF025B_Cam2_SessNum1_Camera3.mp4,062725_COOPTRAIN_LARGEARENA_FIBER_KF026R-KF025B_Cam2_SessNum1,multi,train,False,RB,-1.0,-1.0,False,-1,False,False,coop,,True,,
061125_COOPTRAIN_LARGEARENA_KF025B-KF024R_SessNum2_Camera4.mp4,061125_COOPTRAIN_LARGEARENA_KF025B-KF024R_SessNum2,multi,train,False,RB,-1.0,-1.0,False,-1,False,False,coop,,True,,
061825_COOPTRAIN_LARGEARENA_FIBER_KM022Y-KM027G_Cam2_SessNum2_Camera2.mp4,061825_COOPTRAIN_LARGEARENA_FIBER_KM022Y-KM027G_Cam2_SessNum2,multi,train,False,GY,-1.0,-1.0,False,-1,False,False,coop,,True,,
061625_COOPTRAIN_LARGEARENA_FIBER_KM017G-KM017R_Cam1_SessNum4_Camera1.mp4,061625_COOPTRAIN_LARGEARENA_FIBER_KM017G-KM017R_Cam1_SessNum4,multi,train,True,RG,0.5319218301038827,0.5876722169012009,False,-1,False,False,coop,,True,0.4347786045826273,0.5041028144109629
062325_COOPTRAIN_LARGEARENA_FIBER_KM022B-KM027R_Cam2_SessNum1_Camera2.mp4,062325_COOPTRAIN_LARGEARENA_FIBER_KM022B-KM027R_Cam2_SessNum1,multi,train,False,RB,-1.0,-1.0,False,-1,False,False,coop,,True,,
060925_COOPTRAIN_LARGEARENA_KF023G_KF023B_SessNum3_Camera3.mp4,060925_COOPTRAIN_LARGEARENA_KF023G-KF023B_SessNum3,multi,train,False,GB,-1.0,-1.0,False,-1,False,False,coop,,True,,
061125_COOPTRAIN_LARGEARENA_KF023G-KF023B_SessNum3_Camera3.mp4,061125_COOPTRAIN_LARGEARENA_KF023G-KF023B_SessNum3,multi,train,False,GB,-1.0,-1.0,False,-1,False,False,coop,,True,,
060625_COOPTRAIN_LARGEARENA_KF025B-KF024R_SessNum2_Camera4.mp4,060625_COOPTRAIN_LARGEARENA_KF025B-KF024R_SessNum2,multi,train,False,RB,-1.0,-1.0,False,-1,False,False,coop,,True,,
061225_COOPTRAIN_LARGEARENA_FIBER_KM017R-KM017G_Cam1_SessNum1_Camera1.mp4,061225_COOPTRAIN_LARGEARENA_FIBER_KM017R-KM017G_Cam1_SessNum1,multi,train,True,RG,0.5167936823503424,0.548416905971578,False,-1,False,False,coop,,True,0.4209074258154775,0.4600913040276857
061725_COOPTRAIN_LARGEARENA_FIBER_KM018B-KM018Y_Cam1_SessNum4_Camera1.mp4,061725_COOPTRAIN_LARGEARENA_FIBER_KM018B-KM018Y_Cam1_SessNum4,multi,train,True,YB,0.5437505303351718,0.5999208032810069,False,-1,False,False,coop,,True,0.44477443077358225,0.5147609956158959
060925_COOPTRAIN_LARGEARENA_KM027G-KM022Y_SessNum2_Camera1.mp4,060925_COOPTRAIN_LARGEARENA_KM027G-KM022Y_SessNum2,multi,train,False,GY,-1.0,-1.0,False,-1,False,False,coop,,True,,
061325_COOPTRAIN_LARGEARENA_FIBER_KM022B-KM027R_Cam1_SessNum4_Camera2.mp4,061325_COOPTRAIN_LARGEARENA_FIBER_KM022B-KM027R_Cam1_SessNum4,multi,train,False,RB,-1.0,-1.0,False,-1,False,False,coop,,True,,
062525_COOPTRAIN_LARGEARENA_FIBER_KF026R-KF025B_Cam4_SessNum1_Camera4.mp4,062525_COOPTRAIN_LARGEARENA_FIBER_KF026R-KF025B_Cam4_SessNum1,multi,train,False,RB,-1.0,-1.0,False,-1,False,False,coop,,True,,
060325_COOPTRAIN_LARGEARENA_KF026Y-KF026R_SessNum3_Camera3.mp4,060325_COOPTRAIN_LARGEARENA_KF026Y-KF026R_SessNum3,multi,train,False,RY,-1.0,-1.0,False,-1,False,False,coop,,True,,
060925_COOPTRAIN_LARGEARENA_KM022B-KM027R_SessNum3_Camera1.mp4,060925_COOPTRAIN_LARGEARENA_KM022B-KM027R_SessNum3,multi,train,False,RB,-1.0,-1.0,False,-1,False,False,coop,,True,,
060225_COOPTRAIN_LARGEARENA_KF025B-KF024R_SessNum3_Camera3.mp4,060225_COOPTRAIN_LARGEARENA_KF025B-KF024R_SessNum3,multi,train,False,RB,-1.0,-1.0,False,-1,False,False,coop,,True,,
061225_COOPTRAIN_LARGEARENA_FIBER_KM017G-KM017R_Cam2_SessNum4_Camera2.mp4,061225_COOPTRAIN_LARGEARENA_FIBER_KM017G-KM017R_Cam2_SessNum4,multi,train,True,RG,0.5544957170489085,0.5932578060237634,False,-1,False,False,coop,,True,0.46364327162199503,0.5118057474440453
061625_COOPTRAIN_LARGEARENA_FIBER_KM027G-KM022Y_Cam2_SessNum4_Camera2.mp4,061625_COOPTRAIN_LARGEARENA_FIBER_KM027G-KM022Y_Cam2_SessNum4,multi,train,False,GY,-1.0,-1.0,False,-1,False,False,coop,,True,,
062525_COOPTRAIN_LARGEARENA_FIBER_KF026R-KF025B_Cam4_SessNum2_Camera4.mp4,062525_COOPTRAIN_LARGEARENA_FIBER_KF026R-KF025B_Cam4_SessNum2,multi,train,False,RB,-1.0,-1.0,False,-1,False,False,coop,,True,,
062025_COOPTRAIN_LARGEARENA_FIBER_KM022B-KM027R_Cam1_SessNum1_Camera1.mp4,062025_COOPTRAIN_LARGEARENA_FIBER_KM022B-KM027R_Cam1_SessNum1,multi,train,False,RB,-1.0,-1.0,False,-1,False,False,coop,,True,,
062025_COOPTRAIN_LARGEARENA_FIBER_KM027G-KM022Y_Cam1_SessNum4_Camera1.mp4,062025_COOPTRAIN_LARGEARENA_FIBER_KM027G-KM022Y_Cam1_SessNum4,multi,train,False,GY,-1.0,-1.0,False,-1,False,False,coop,,True,,
061025_COOPTRAIN_LARGEARENA_KM027G-KM022Y_SessNum3_Camera1.mp4,061025_COOPTRAIN_LARGEARENA_KM027G-KM022Y_SessNum3,multi,train,False,GY,-1.0,-1.0,False,-1,False,False,coop,,True,,
060225_COOPTRAIN_LARGEARENA_KM027G-KM022Y_SessNum2_Camera2.mp4,060225_COOPTRAIN_LARGEARENA_KM027G-KM022Y_SessNum2,multi,train,False,GY,-1.0,-1.0,False,-1,False,False,coop,,True,,
061325_COOPTRAIN_LARGEARENA_FIBER_KF025B-KF024R_Cam3_SessNum1_Camera3.mp4,061325_COOPTRAIN_LARGEARENA_FIBER_KF025B-KF024R_Cam3_SessNum1,multi,train,False,RB,-1.0,-1.0,False,-1,False,False,coop,,True,,
062325_COOPTRAIN_LARGEARENA_FIBER_KM027R-KM022B_Cam2_SessNum4_Camera2.mp4,062325_COOPTRAIN_LARGEARENA_FIBER_KM027R-KM022B_Cam2_SessNum4,multi,train,False,RB,-1.0,-1.0,False,-1,False,False,coop,,True,,
062425_COOPTRAIN_LARGEARENA_FIBER_KM027G-KM022Y_Cam2_SessNum2_Camera2.mp4,062425_COOPTRAIN_LARGEARENA_FIBER_KM027G-KM022Y_Cam2_SessNum2,multi,train,False,GY,-1.0,-1.0,False,-1,False,False,coop,,True,,
060925_COOPTRAIN_LARGEARENA_KM022Y-KM027G_SessNum4_Camera2.mp4,060925_COOPTRAIN_LARGEARENA_KM022Y-KM027G_SessNum4,multi,train,False,GY,-1.0,-1.0,False,-1,False,False,coop,,True,,
061725_COOPTRAIN_LARGEARENA_FIBER_KM027G-KM022Y_Cam2_SessNum5_Camera2.mp4,061725_COOPTRAIN_LARGEARENA_FIBER_KM027G-KM022Y_Cam2_SessNum5,multi,train,False,GY,-1.0,-1.0,False,-1,False,False,coop,,True,,
062025_COOPTRAIN_LARGEARENA_FIBER_KM027R-KM022B_Cam2_SessNum3_Camera2.mp4,062025_COOPTRAIN_LARGEARENA_FIBER_KM027R-KM022B_Cam2_SessNum3,multi,train,False,RB,-1.0,-1.0,False,-1,False,False,coop,,True,,
062325_COOPTRAIN_LARGEARENA_FIBER_KF024G-KF025Y_Cam3_SessNum1_Camera3.mp4,062325_COOPTRAIN_LARGEARENA_FIBER_KF024G-KF025Y_Cam3_SessNum1,multi,train,False,GY,-1.0,-1.0,False,-1,False,False,coop,,True,,
060225_COOPTRAIN_LARGEARENA_KF025Y-KF024G_SessNum2_Camera3.mp4,060225_COOPTRAIN_LARGEARENA_KF025Y-KF024G_SessNum2,multi,train,False,GY,-1.0,-1.0,False,-1,False,False,coop,,True,,
061625_COOPTRAIN_LARGEARENA_FIBER_KF024G-KF025Y_Cam4_SessNum1_Camera4.mp4,061625_COOPTRAIN_LARGEARENA_FIBER_KF024G-KF025Y_Cam4_SessNum1,multi,train,False,GY,-1.0,-1.0,False,-1,False,False,coop,,True,,
060225_COOPTRAIN_LARGEARENA_KM022B-KM027R_SessNum1_Camera1.mp4,060225_COOPTRAIN_LARGEARENA_KM022B-KM027R_SessNum1,multi,train,False,RB,-1.0,-1.0,False,-1,False,False,coop,,True,,
061025_COOPTRAIN_LARGEARENA_KF025Y-KF024G_SessNum3_Camera3.mp4,061025_COOPTRAIN_LARGEARENA_KF025Y-KF024G_SessNum3,multi,train,False,GY,-1.0,-1.0,False,-1,False,False,coop,,True,,
060225_COOPTRAIN_LARGEARENA_KM018Y-KM018B_SessNum3_Camera1.mp4,060225_COOPTRAIN_LARGEARENA_KM018Y-KM018B_SessNum3,multi,train,True,YB,0.5333751013488612,0.5664995946045551,False,-1,False,False,coop,,True,0.4412015368172772,0.4822662526719245
061925_COOPTRAIN_LARGEARENA_FIBER_KM027G-KM022Y_Cam2_SessNum4_Camera2.mp4,061925_COOPTRAIN_LARGEARENA_FIBER_KM027G-KM022Y_Cam2_SessNum4,multi,train,False,GY,-1.0,-1.0,False,-1,False,False,coop,,True,,
060425_COOPTRAIN_LARGEARENA_KM018Y-KM018B_SessNum3_Camera1.mp4,060425_COOPTRAIN_LARGEARENA_KM018Y-KM018B_SessNum3,multi,train,True,YB,0.5052235094763597,0.5224264638166983,False,-1,False,False,coop,,True,0.41253706739358664,0.4338151327058737
062525_COOPTRAIN_LARGEARENA_FIBER_KM027G-KM022Y_Cam1_SessNum2_Camera1.mp4,062525_COOPTRAIN_LARGEARENA_FIBER_KM027G-KM022Y_Cam1_SessNum2,multi,train,False,GY,-1.0,-1.0,False,-1,False,False,coop,,True,,
061625_COOPTRAIN_LARGEARENA_FIBER_KM017R-KM017G_Cam1_SessNum1_Camera1.mp4,061625_COOPTRAIN_LARGEARENA_FIBER_KM017R-KM017G_Cam1_SessNum1,multi,train,True,RG,0.5459923067012681,0.5903042349953067,False,-1,False,False,coop,,True,0.4470280492518359,0.5021970993687078
060525_COOPTRAIN_LARGEARENA_KF025Y-KF024G_SessNum3_Camera4.mp4,060525_COOPTRAIN_LARGEARENA_KF025Y-KF024G_SessNum3,multi,train,False,GY,-1.0,-1.0,False,-1,False,False,coop,,True,,
060425_COOPTRAIN_LARGEARENA_KF026R-KF026Y_SessNum2_Camera3.mp4,060425_COOPTRAIN_LARGEARENA_KF026R-KF026Y_SessNum2,multi,train,False,RY,-1.0,-1.0,False,-1,False,False,coop,,True,,
061125_COOPTRAIN_LARGEARENA_KM027R-KM022B_SessNum3_Camera2.mp4,061125_COOPTRAIN_LARGEARENA_KM027R-KM022B_SessNum3,multi,train,False,RB,-1.0,-1.0,False,-1,False,False,coop,,True,,
060225_COOPTRAIN_LARGEARENA_KF026R-KF026Y_SessNum4_Camera4.mp4,060225_COOPTRAIN_LARGEARENA_KF026R-KF026Y_SessNum4,multi,train,False,RY,-1.0,-1.0,False,-1,False,False,coop,,True,,
061025_COOPTRAIN_LARGEARENA_KF023B-KF023G_SessNum1_Camera3.mp4,061025_COOPTRAIN_LARGEARENA_KF023B-KF023G_SessNum1,multi,train,False,GB,-1.0,-1.0,False,-1,False,False,coop,,True,,
062425_COOPTRAIN_LARGEARENA_FIBER_KF026R-KF025B_Cam3_SessNum4_Camera3.mp4,062425_COOPTRAIN_LARGEARENA_FIBER_KF026R-KF025B_Cam3_SessNum4,multi,train,False,RB,-1.0,-1.0,False,-1,False,False,coop,,True,,
060325_COOPTRAIN_LARGEARENA_KM027G-KM022Y_SessNum5_Camera2.mp4,060325_COOPTRAIN_LARGEARENA_KM027G-KM022Y_SessNum5,multi,train,False,GY,-1.0,-1.0,False,-1,False,False,coop,,True,,
062425_COOPTRAIN_LARGEARENA_FIBER_KM018Y-KM018B_Cam1_SessNum2_Camera2.mp4,062425_COOPTRAIN_LARGEARENA_FIBER_KM018Y-KM018B_Cam1_SessNum2,multi,train,True,YB,0.5193834975901014,0.5540248902956622,False,-1,False,False,coop,,True,0.41522192648010936,0.4583752967412416
060225_COOPTRAIN_LARGEARENA_KF024G-KF025Y_SessNum4_Camera3_gray.mp4,060225_COOPTRAIN_LARGEARENA_KF024G-KF025Y_SessNum4,multi,train,False,GY,-1.0,-1.0,False,-1,False,False,coop,,True,,
061725_COOPTRAIN_LARGEARENA_FIBER_KF026R-KF025B_Cam3_SessNum2_Camera3.mp4,061725_COOPTRAIN_LARGEARENA_FIBER_KF026R-KF025B_Cam3_SessNum2,multi,train,False,RB,-1.0,-1.0,False,-1,False,False,coop,,True,,
061725_COOPTRAIN_LARGEARENA_FIBER_KM027G-KM022Y_Cam2_SessNum2_Camera2.mp4,061725_COOPTRAIN_LARGEARENA_FIBER_KM027G-KM022Y_Cam2_SessNum2,multi,train,False,GY,-1.0,-1.0,False,-1,False,False,coop,,True,,
061325_COOPTRAIN_LARGEARENA_FIBER_KM022Y-KM027G_Cam2_SessNum3_Camera2.mp4,061325_COOPTRAIN_LARGEARENA_FIBER_KM022Y-KM027G_Cam2_SessNum3,multi,train,False,GY,-1.0,-1.0,False,-1,False,False,coop,,True,,
061225_COOPTRAIN_LARGEARENA_FIBER_KM018B-KM018Y_Cam2_SessNum2_Camera1.mp4,061225_COOPTRAIN_LARGEARENA_FIBER_KM018B-KM018Y_Cam2_SessNum2,multi,train,True,YB,0.551657799296747,0.5864559362285756,False,-1,False,False,coop,,True,0.46255223770687975,0.5056794123603159
061225_COOPTRAIN_LARGEARENA_FIBER_KM022Y-KM027G_Cam2_SessNum2_Camera2.mp4,061225_COOPTRAIN_LARGEARENA_FIBER_KM022Y-KM027G_Cam2_SessNum2,multi,train,False,GY,-1.0,-1.0,False,-1,False,False,coop,,True,,
061925_COOPTRAIN_LARGEARENA_FIBER_KF025Y-KF024G_Cam4_SessNum3_Camera4.mp4,061925_COOPTRAIN_LARGEARENA_FIBER_KF025Y-KF024G_Cam4_SessNum3,multi,train,False,GY,-1.0,-1.0,False,-1,False,False,coop,,True,,
060625_COOPTRAIN_LARGEARENA_KF023B-KF023G_SessNum1_Camera4.mp4,060625_COOPTRAIN_LARGEARENA_KF023B-KF023G_SessNum1,multi,train,False,GB,-1.0,-1.0,False,-1,False,False,coop,,True,,
060525_COOPTRAIN_LARGEARENA_KF026R-KF026Y_SessNum4_Camera4.mp4,060525_COOPTRAIN_LARGEARENA_KF026R-KF026Y_SessNum4,multi,train,False,RY,-1.0,-1.0,False,-1,False,False,coop,,True,,
061925_COOPTRAIN_LARGEARENA_FIBER_KM017R-KM017G_Cam2_SessNum1_Camera2.mp4,061925_COOPTRAIN_LARGEARENA_FIBER_KM017R-KM017G_Cam2_SessNum1,multi,train,True,RG,0.5673853996907776,0.619063139860432,False,-1,False,False,coop,,True,0.4725460699511094,0.5369238644436087
061225_COOPTRAIN_LARGEARENA_FIBER_KF024G-KF025Y_Cam3_SessNum2_Camera3.mp4,061225_COOPTRAIN_LARGEARENA_FIBER_KF024G-KF025Y_Cam3_SessNum2,multi,train,False,GY,-1.0,-1.0,False,-1,False,False,coop,,True,,
061225_COOPTRAIN_LARGEARENA_FIBER_KF025B-KF024R_Cam3_SessNum4_Camera3.mp4,061225_COOPTRAIN_LARGEARENA_FIBER_KF025B-KF024R_Cam3_SessNum4,multi,train,False,RB,-1.0,-1.0,False,-1,False,False,coop,,True,,
062425_COOPTRAIN_LARGEARENA_FIBER_KM018B-KM018Y_Cam2_SessNum3_Camera2.mp4,062425_COOPTRAIN_LARGEARENA_FIBER_KM018B-KM018Y_Cam2_SessNum3,multi,train,True,YB,0.5226429534604031,0.5657822806953606,False,-1,False,False,coop,,True,0.41634625897445243,0.47013830678960605
060625_COOPTRAIN_LARGEARENA_KM022Y-KM027G_SessNum4_Camera2.mp4,060625_COOPTRAIN_LARGEARENA_KM022Y-KM027G_SessNum4,multi,train,False,GY,-1.0,-1.0,False,-1,False,False,coop,,True,,
060225_COOPTRAIN_LARGEARENA_KM017G-KM017R_SessNum4_Camera2.mp4,060225_COOPTRAIN_LARGEARENA_KM017G-KM017R_SessNum4,multi,train,True,RG,0.5210678449783669,0.5569087728988309,False,-1,False,False,coop,,True,0.4259665838166252,0.47031897265948636
061225_COOPTRAIN_LARGEARENA_FIBER_KF023G-KF023B_Cam3_SessNum1_Camera3.mp4,061225_COOPTRAIN_LARGEARENA_FIBER_KF023G-KF023B_Cam3_SessNum1,multi,train,False,GB,-1.0,-1.0,False,-1,False,False,coop,,True,,
060525_COOPTRAIN_LARGEARENA_KF024G-KF025Y_SessNum2_Camera4.mp4,060525_COOPTRAIN_LARGEARENA_KF024G-KF025Y_SessNum2,multi,train,False,GY,-1.0,-1.0,False,-1,False,False,coop,,True,,
060925_COOPTRAIN_LARGEARENA_KF024G-KF025Y_SessNum4_Camera4.mp4,060925_COOPTRAIN_LARGEARENA_KF024G-KF025Y_SessNum4,multi,train,False,GY,-1.0,-1.0,False,-1,False,False,coop,,True,,
060625_COOPTRAIN_LARGEARENA_KM017G-KM017R_SessNum2_Camera2.mp4,060625_COOPTRAIN_LARGEARENA_KM017G-KM017R_SessNum2,multi,train,True,RG,0.4960249659388003,0.5325146371101374,False,-1,False,False,coop,,True,0.3989095813234157,0.44393710645505763
062325_COOPTRAIN_LARGEARENA_FIBER_KM022Y-KM027G_Cam2_SessNum2_Camera2.mp4,062325_COOPTRAIN_LARGEARENA_FIBER_KM022Y-KM027G_Cam2_SessNum2,multi,train,False,GY,-1.0,-1.0,False,-1,False,False,coop,,True,,
061825_COOPTRAIN_LARGEARENA_FIBER_KM018Y-KM018B_Cam1_SessNum3_Camera1.mp4,061825_COOPTRAIN_LARGEARENA_FIBER_KM018Y-KM018B_Cam1_SessNum3,multi,train,True,YB,0.5564519990423749,0.5950590228540911,False,-1,False,False,coop,,True,0.46859634260879174,0.5166640577521593
060525_COOPTRAIN_LARGEARENA_KM022B-KM027R_SessNum1_Camera2.mp4,060525_COOPTRAIN_LARGEARENA_KM022B-KM027R_SessNum1,multi,train,False,RB,-1.0,-1.0,False,-1,False,False,coop,,True,,
061325_COOPTRAIN_LARGEARENA_FIBER_KM017R-KM017G_Cam1_SessNum 4_Camera1.mp4,061325_COOPTRAIN_LARGEARENA_FIBER_KM017R-KM017G_Cam1_SessNum 4,multi,train,False,RG,-1.0,-1.0,False,-1,False,False,coop,,True,,
062025_COOPTRAIN_LARGEARENA_FIBER_KF026R-KF025B_Cam3_SessNum1_Camera3.mp4,062025_COOPTRAIN_LARGEARENA_FIBER_KF026R-KF025B_Cam3_SessNum1,multi,train,False,RB,-1.0,-1.0,False,-1,False,False,coop,,True,,
060325_COOPTRAIN_LARGEARENA_KF023B-KF023G_SessNum4_Camera4.mp4,060325_COOPTRAIN_LARGEARENA_KF023B-KF023G_SessNum4,multi,train,False,GB,-1.0,-1.0,False,-1,False,False,coop,,True,,
060525_COOPTRAIN_LARGEARENA_KM017R-KM017G_SessNum1_Camera1.mp4,060525_COOPTRAIN_LARGEARENA_KM017R-KM017G_SessNum1,multi,train,True,RG,0.5058937144749186,0.5355867041921896,False,-1,False,False,coop,,True,0.40498592792892224,0.44184233761933667
060925_COOPTRAIN_LARGEARENA_KF025Y-KF024G_SessNum2_Camera3.mp4,060925_COOPTRAIN_LARGEARENA_KF025Y-KF024G_SessNum2,multi,train,False,GY,-1.0,-1.0,False,-1,False,False,coop,,True,,
060425_COOPTRAIN_LARGEARENA_KF025B-KF024R_SessNum4_Camera3.mp4,060425_COOPTRAIN_LARGEARENA_KF025B-KF024R_SessNum4,multi,train,False,RB,-1.0,-1.0,False,-1,False,False,coop,,True,,
061125_COOPTRAIN_LARGEARENA_KF024G-KF025Y_SessNum2_Camera3.mp4,061125_COOPTRAIN_LARGEARENA_KF024G-KF025Y_SessNum2,multi,train,False,GY,-1.0,-1.0,False,-1,False,False,coop,,True,,
060425_COOPTRAIN_LARGEARENA_KF026Y-KF026R_SessNum4_Camera4.mp4,060425_COOPTRAIN_LARGEARENA_KF026Y-KF026R_SessNum4,multi,train,False,RY,-1.0,-1.0,False,-1,False,False,coop,,True,,
060525_COOPTRAIN_LARGEARENA_KM017G-KM017R_SessNum3_Camera1.mp4,060525_COOPTRAIN_LARGEARENA_KM017G-KM017R_SessNum3,multi,train,True,RG,0.5195438900034972,0.5447385374293655,False,-1,False,False,coop,,True,0.4304676139814832,0.46169633160926943
062525_COOPTRAIN_LARGEARENA_FIBER_KM022Y-KM027G_Cam1_SessNum1_Camera1.mp4,062525_COOPTRAIN_LARGEARENA_FIBER_KM022Y-KM027G_Cam1_SessNum1,multi,train,False,GY,-1.0,-1.0,False,-1,False,False,coop,,True,,
061325_COOPTRAIN_LARGEARENA_FIBER_KF026R-KF026Y_Cam4_SessNum3_Camera4.mp4,061325_COOPTRAIN_LARGEARENA_FIBER_KF026R-KF026Y_Cam4_SessNum3,multi,train,False,RY,-1.0,-1.0,False,-1,False,False,coop,,True,,
070425_COOPTRAIN_LARGEARENA_FIBER_KF025B-KF026R_Cam3_SessNum1_Camera4.mp4,070425_COOPTRAIN_LARGEARENA_FIBER_KF025B-KF026R_Cam3_SessNum1,multi,train,False,RB,-1.0,-1.0,False,-1,False,False,coop,,True,,
061125_COOPTRAIN_LARGEARENA_KM018Y-KM018B_SessNum3_Camera1.mp4,061125_COOPTRAIN_LARGEARENA_KM018Y-KM018B_SessNum3,multi,train,True,YB,0.5391713123953561,0.5720170742028665,False,-1,False,False,coop,,True,0.45296544681790585,0.4933004912513109
062525_COOPTRAIN_LARGEARENA_FIBER_KF018B-KF018Y_Cam3_SessNum1_Camera3.mp4,062525_COOPTRAIN_LARGEARENA_FIBER_KF018B-KF018Y_Cam3_SessNum1,multi,train,True,YB,0.545413862830245,0.5929823979845527,False,-1,False,False,coop,,True,0.44743842609473927,0.5066587662014784
061025_COOPTRAIN_LARGEARENA_KF026R-KF026Y_SessNum1_Camera4.mp4,061025_COOPTRAIN_LARGEARENA_KF026R-KF026Y_SessNum1,multi,train,False,RY,-1.0,-1.0,False,-1,False,False,coop,,True,,
060325_COOPTRAIN_LARGEARENA_KM018B-KM018Y_SessNum6_Camera2.mp4,060325_COOPTRAIN_LARGEARENA_KM018B-KM018Y_SessNum6,multi,train,True,YB,0.5317731317369602,0.5626745279606453,False,-1,False,False,coop,,True,0.4445941546697533,0.48257885408377343
062025_COOPTRAIN_LARGEARENA_FIBER_KM018B-KM018Y_Cam1_SessNum2_Camera1.mp4,062025_COOPTRAIN_LARGEARENA_FIBER_KM018B-KM018Y_Cam1_SessNum2,multi,train,True,YB,0.5647647366094748,0.6064531683208101,False,-1,False,False,coop,,True,0.47029071402740386,0.5221802547514767
061325_COOPTRAIN_LARGEARENA_FIBER_KF024R-KF025B_Cam4_SessNum4_Camera4.mp4,061325_COOPTRAIN_LARGEARENA_FIBER_KF024R-KF025B_Cam4_SessNum4,multi,train,False,RB,-1.0,-1.0,False,-1,False,False,coop,,True,,
061925_COOPTRAIN_LARGEARENA_FIBER_KF026R-KF025B_Cam3_SessNum4_Camera3.mp4,061925_COOPTRAIN_LARGEARENA_FIBER_KF026R-KF025B_Cam3_SessNum4,multi,train,False,RB,-1.0,-1.0,False,-1,False,False,coop,,True,,
060625_COOPTRAIN_LARGEARENA_KF024R-KF025B_SessNum3_Camera4.mp4,060625_COOPTRAIN_LARGEARENA_KF024R-KF025B_SessNum3,multi,train,False,RB,-1.0,-1.0,False,-1,False,False,coop,,True,,
061825_COOPTRAIN_LARGEARENA_FIBER_KF023B-KF023G_Cam4_SessNum3_Camera4.mp4,061825_COOPTRAIN_LARGEARENA_FIBER_KF023B-KF023G_Cam4_SessNum3,multi,train,False,GB,-1.0,-1.0,False,-1,False,False,coop,,True,,
061625_COOPTRAIN_LARGEARENA_FIBER_KM022B-KM027R_Cam2_SessNum1_Camera2.mp4,061625_COOPTRAIN_LARGEARENA_FIBER_KM022B-KM027R_Cam2_SessNum1,multi,train,False,RB,-1.0,-1.0,False,-1,False,False,coop,,True,,
060425_COOPTRAIN_LARGEARENA_KM017G-KM017R_SessNum4_Camera1.mp4,060425_COOPTRAIN_LARGEARENA_KM017G-KM017R_SessNum4,multi,train,True,RG,0.5153332106038292,0.544810382916053,False,-1,False,False,coop,,True,0.4193713181148748,0.456019882179676
060625_COOPTRAIN_LARGEARENA_KF024G-KF025Y_SessNum4_Camera3.mp4,060625_COOPTRAIN_LARGEARENA_KF024G-KF025Y_SessNum4,multi,train,False,GY,-1.0,-1.0,False,-1,False,False,coop,,True,,
060525_COOPTRAIN_LARGEARENA_KM018Y-KM018B_SessNum4_Camera2.mp4,060525_COOPTRAIN_LARGEARENA_KM018Y-KM018B_SessNum4,multi,train,True,YB,0.5563221778129778,0.573519606579117,False,-1,False,False,coop,,True,0.46740601919216107,0.48858738695596116
061925_COOPTRAIN_LARGEARENA_FIBER_KM018Y-KM018B_Cam1_SessNum3_Camera1.mp4,061925_COOPTRAIN_LARGEARENA_FIBER_KM018Y-KM018B_Cam1_SessNum3,multi,train,True,YB,0.5415912820297051,0.5874573989144612,False,-1,False,False,coop,,True,0.4388279968022889,0.49606071443598265
060425_COOPTRAIN_LARGEARENA_KM018B-KM018Y_SessNum2_Camera1.mp4,060425_COOPTRAIN_LARGEARENA_KM018B-KM018Y_SessNum2,multi,train,True,YB,0.5425367362722351,0.555542665635473,False,-1,False,False,coop,,True,0.4472457002909439,0.4633673074798365
060225_COOPTRAIN_LARGEARENA_KF024R-KF025B_SessNum2_Camera4.mp4,060225_COOPTRAIN_LARGEARENA_KF024R-KF025B_SessNum2,multi,train,False,RB,-1.0,-1.0,False,-1,False,False,coop,,True,,
061325_COOPTRAIN_LARGEARENA_FIBER_KF025Y-KF024G_Cam4_SessNum1_Camera4.mp4,061325_COOPTRAIN_LARGEARENA_FIBER_KF025Y-KF024G_Cam4_SessNum1,multi,train,False,GY,-1.0,-1.0,False,-1,False,False,coop,,True,,
060925_COOPTRAIN_LARGEARENA_KF026R-KF026Y_SessNum1_Camera3.mp4,060925_COOPTRAIN_LARGEARENA_KF026R-KF026Y_SessNum1,multi,train,False,RY,-1.0,-1.0,False,-1,False,False,coop,,True,,
061025_COOPTRAIN_LARGEARENA_KF024G-KF025Y_SessNum2_Camera4.mp4,061025_COOPTRAIN_LARGEARENA_KF024G-KF025Y_SessNum2,multi,train,False,GY,-1.0,-1.0,False,-1,False,False,coop,,True,,
062425_COOPTRAIN_LARGEARENA_FIBER_KM017R-KM017G_Cam2_SessNum4_Camera2.mp4,062425_COOPTRAIN_LARGEARENA_FIBER_KM017R-KM017G_Cam2_SessNum4,multi,train,True,RG,0.5570238950607048,0.5979955415538237,False,-1,False,False,coop,,True,0.46710053611894103,0.5178268759557103
060425_COOPTRAIN_LARGEARENA_KM027R-KM022B_SessNum3_Camera2.mp4,060425_COOPTRAIN_LARGEARENA_KM027R-KM022B_SessNum3,multi,train,False,RB,-1.0,-1.0,False,-1,False,False,coop,,True,,
061725_COOPTRAIN_LARGEARENA_FIBER_KF023B-KF023G_Cam3_SessNum1_Camera3.mp4,061725_COOPTRAIN_LARGEARENA_FIBER_KF023B-KF023G_Cam3_SessNum1,multi,train,False,GB,-1.0,-1.0,False,-1,False,False,coop,,True,,
060325_COOPTRAIN_LARGEARENA_KM018B-KM018Y_SessNum2_Camera2.mp4,060325_COOPTRAIN_LARGEARENA_KM018B-KM018Y_SessNum2,multi,train,True,YB,0.5981770833333333,0.6614583333333334,False,-1,False,False,coop,,True,0.4993489583333333,0.5784505208333334
061825_COOPTRAIN_LARGEARENA_FIBER_KM017R-KM017G_Cam1_SessNum1_Camera1.mp4,061825_COOPTRAIN_LARGEARENA_FIBER_KM017R-KM017G_Cam1_SessNum1,multi,train,True,RG,0.5445705824284304,0.5985057883873284,False,-1,False,False,coop,,True,0.444466256842861,0.5115094678273355
061725_COOPTRAIN_LARGEARENA_FIBER_KF025Y-KF024G_Cam4_SessNum1_Camera4.mp4,061725_COOPTRAIN_LARGEARENA_FIBER_KF025Y-KF024G_Cam4_SessNum1,multi,train,False,GY,-1.0,-1.0,False,-1,False,False,coop,,True,,
060525_COOPTRAIN_LARGEARENA_KM027R-KM022B_SessNum4_Camera1.mp4,060525_COOPTRAIN_LARGEARENA_KM027R-KM022B_SessNum4,multi,train,False,RB,-1.0,-1.0,False,-1,False,False,coop,,True,,
061225_COOPTRAIN_LARGEARENA_FIBER_KM027R-KM022B_Cam2_SessNum3_Camera2.mp4,061225_COOPTRAIN_LARGEARENA_FIBER_KM027R-KM022B_Cam2_SessNum3,multi,train,False,RB,-1.0,-1.0,False,-1,False,False,coop,,True,,
061125_COOPTRAIN_LARGEARENA_KF026R-KF026Y_SessNum4_Camera3.mp4,061125_COOPTRAIN_LARGEARENA_KF026R-KF026Y_SessNum4,multi,train,False,RY,-1.0,-1.0,False,-1,False,False,coop,,True,,
061225_COOPTRAIN_LARGEARENA_FIBER_KM022B-KM027R_Cam1_SessNum1_Camera2.mp4,061225_COOPTRAIN_LARGEARENA_FIBER_KM022B-KM027R_Cam1_SessNum1,multi,train,False,RB,-1.0,-1.0,False,-1,False,False,coop,,True,,
062325_COOPTRAIN_LARGEARENA_FIBER_KM017G-KM017R_Cam2_SessNum3_Camera2.mp4,062325_COOPTRAIN_LARGEARENA_FIBER_KM017G-KM017R_Cam2_SessNum3,multi,train,True,RG,0.5372619091478466,0.5742014515713075,False,-1,False,False,coop,,True,0.44328648270272264,0.48908788637954537
070425_COOPTRAIN_LARGEARENA_FIBER_KF026R-KF025B_Cam4_SessNum1_Camera4.mp4,070425_COOPTRAIN_LARGEARENA_FIBER_KF026R-KF025B_Cam4_SessNum1,multi,train,False,RB,-1.0,-1.0,False,-1,False,False,coop,,True,,
061625_COOPTRAIN_LARGEARENA_FIBER_KF025Y-KF024G_Cam3_SessNum3_Camera3.mp4,061625_COOPTRAIN_LARGEARENA_FIBER_KF025Y-KF024G_Cam3_SessNum3,multi,train,False,GY,-1.0,-1.0,False,-1,False,False,coop,,True,,
061625_COOPTRAIN_LARGEARENA_FIBER_KM018B-KM018Y_Cam1_SessNum2_Camera1.mp4,061625_COOPTRAIN_LARGEARENA_FIBER_KM018B-KM018Y_Cam1_SessNum2,multi,train,True,YB,0.5481748195078827,0.5851683365257109,False,-1,False,False,coop,,True,0.4596217953440401,0.505373324001768
061625_COOPTRAIN_LARGEARENA_FIBER_KM022Y-KM027G_Cam2_SessNum2_Camera2.mp4,061625_COOPTRAIN_LARGEARENA_FIBER_KM022Y-KM027G_Cam2_SessNum2,multi,train,False,GY,-1.0,-1.0,False,-1,False,False,coop,,True,,
061925_COOPTRAIN_LARGEARENA_FIBER_KM018B-KM018Y_Cam1_SessNum2_Camera1.mp4,061925_COOPTRAIN_LARGEARENA_FIBER_KM018B-KM018Y_Cam1_SessNum2,multi,train,True,YB,0.5675227215875928,0.6119486367047444,False,-1,False,False,coop,,True,0.47333340281831066,0.5287094555157175
061625_COOPTRAIN_LARGEARENA_FIBER_KF025B-KF026R_Cam4_SessNum1_Camera3.mp4,061625_COOPTRAIN_LARGEARENA_FIBER_KF025B-KF026R_Cam4_SessNum1,multi,train,False,RB,-1.0,-1.0,False,-1,False,False,coop,,True,,
062525_COOPTRAIN_LARGEARENA_FIBER_KM017G-KM017R_Cam2_SessNum2_Camera2.mp4,062525_COOPTRAIN_LARGEARENA_FIBER_KM017G-KM017R_Cam2_SessNum2,multi,train,True,RG,0.5333284200829111,0.5727627821280515,False,-1,False,False,coop,,True,0.43524412713035465,0.484207738369415
060425_COOPTRAIN_LARGEARENA_KF023G-KF023B_SessNum1_Camera4.mp4,060425_COOPTRAIN_LARGEARENA_KF023G-KF023B_SessNum1,multi,train,False,GB,-1.0,-1.0,False,-1,False,False,coop,,True,,
060325_COOPTRAIN_LARGEARENA_KM017G-KM017R_SessNum3_Camera1.mp4,060325_COOPTRAIN_LARGEARENA_KM017G-KM017R_SessNum3,multi,train,True,RG,0.5253748919023349,0.5608419658135384,False,-1,False,False,coop,,True,0.4286532410899925,0.47263749103019376
060625_COOPTRAIN_LARGEARENA_KF026R-KF026Y_SessNum1_Camera3.mp4,060625_COOPTRAIN_LARGEARENA_KF026R-KF026Y_SessNum1,multi,train,False,RY,-1.0,-1.0,False,-1,False,False,coop,,True,,
061125_COOPTRAIN_LARGEARENA_KM022B-KM027R_SessNum1_Camera1.mp4,061125_COOPTRAIN_LARGEARENA_KM022B-KM027R_SessNum1,multi,train,False,RB,-1.0,-1.0,False,-1,False,False,coop,,True,,
060325_COOPTRAIN_LARGEARENA_KM027G-KM022Y_SessNum3_Camera2.mp4,060325_COOPTRAIN_LARGEARENA_KM027G-KM022Y_SessNum3,multi,train,False,GY,-1.0,-1.0,False,-1,False,False,coop,,True,,
061125_COOPTRAIN_LARGEARENA_KM017G-KM017R_SessNum4_Camera1.mp4,061125_COOPTRAIN_LARGEARENA_KM017G-KM017R_SessNum4,multi,train,True,RG,0.535274079802611,0.5736323629600987,False,-1,False,False,coop,,True,0.44096052219705756,0.4885723360768933
061825_COOPTRAIN_LARGEARENA_FIBER_KF023G-KF023B_Cam3_SessNum2_Camera3.mp4,061825_COOPTRAIN_LARGEARENA_FIBER_KF023G-KF023B_Cam3_SessNum2,multi,train,False,GB,-1.0,-1.0,False,-1,False,False,coop,,True,,
062425_COOPTRAIN_LARGEARENA_FIBER_KM022B-KM027R_Cam1_SessNum4_Camera1.mp4,062425_COOPTRAIN_LARGEARENA_FIBER_KM022B-KM027R_Cam1_SessNum4,multi,train,False,RB,-1.0,-1.0,False,-1,False,False,coop,,True,,
062725_COOPTRAIN_LARGEARENA_FIBER_KM018Y-KM018B_Cam1_SessNum2_Camera2.mp4,062725_COOPTRAIN_LARGEARENA_FIBER_KM018Y-KM018B_Cam1_SessNum2,multi,train,True,YB,0.5727789394670527,0.5991796686504745,False,-1,False,False,coop,,True,0.48238700337783497,0.5152471717334192
061125_COOPTRAIN_LARGEARENA_KF023B-KF023G_SessNum1_Camera4.mp4,061125_COOPTRAIN_LARGEARENA_KF023B-KF023G_SessNum1,multi,train,False,GB,-1.0,-1.0,False,-1,False,False,coop,,True,,
060525_COOPTRAIN_LARGEARENA_KM018B-KM018Y_SessNum2_Camera1.mp4,060525_COOPTRAIN_LARGEARENA_KM018B-KM018Y_SessNum2,multi,train,True,YB,0.5335537829523055,0.5567157305233683,False,-1,False,False,coop,,True,0.44191091133504046,0.4705685942191846
061725_COOPTRAIN_LARGEARENA_FIBER_KM022B-KM027R_Cam2_SessNum3_Camera2.mp4,061725_COOPTRAIN_LARGEARENA_FIBER_KM022B-KM027R_Cam2_SessNum3,multi,train,False,RB,-1.0,-1.0,False,-1,False,False,coop,,True,,
060325_COOPTRAIN_LARGEARENA_KF026R-KF026Y_SessNum2_Camera4.mp4,060325_COOPTRAIN_LARGEARENA_KF026R-KF026Y_SessNum2,multi,train,False,RY,-1.0,-1.0,False,-1,False,False,coop,,True,,
061725_COOPTRAIN_LARGEARENA_FIBER_KF024G-KF025Y_Cam3_SessNum3_Camera3.mp4,061725_COOPTRAIN_LARGEARENA_FIBER_KF024G-KF025Y_Cam3_SessNum3,multi,train,False,GY,-1.0,-1.0,False,-1,False,False,coop,,True,,
061225_COOPTRAIN_LARGEARENA_FIBER_KM018Y-KM018B_Cam1_SessNum3_Camera1.mp4,061225_COOPTRAIN_LARGEARENA_FIBER_KM018Y-KM018B_Cam1_SessNum3,multi,train,True,YB,0.5350919205688391,0.561557307593118,False,-1,False,False,coop,,True,0.44589535055078655,0.47861557307593117
062725_COOPTRAIN_LARGEARENA_FIBER_KF026R-KF025B_Cam2_SessNum2_Camera3.mp4,062725_COOPTRAIN_LARGEARENA_FIBER_KF026R-KF025B_Cam2_SessNum2,multi,train,False,RB,-1.0,-1.0,False,-1,False,False,coop,,True,,
062725_COOPTRAIN_LARGEARENA_FIBER_KM018B-KM018Y_Cam1_SessNum1_Camera2.mp4,062725_COOPTRAIN_LARGEARENA_FIBER_KM018B-KM018Y_Cam1_SessNum1,multi,train,True,YB,0.5986139207312504,0.6448640143852551,False,-1,False,False,coop,,True,0.5129148872405784,0.5703763017906646
061025_COOPTRAIN_LARGEARENA_KM018Y-KM018B_SessNum4_Camera1.mp4,061025_COOPTRAIN_LARGEARENA_KM018Y-KM018B_SessNum4,multi,train,True,YB,0.52097983239709,0.5459729256837647,False,-1,False,False,coop,,True,0.42606593608987936,0.4570080117874574
062425_COOPTRAIN_LARGEARENA_FIBER_KF025Y-KF024G_Cam3_SessNum1_Camera3.mp4,062425_COOPTRAIN_LARGEARENA_FIBER_KF025Y-KF024G_Cam3_SessNum1,multi,train,False,GY,-1.0,-1.0,False,-1,False,False,coop,,True,,
060625_COOPTRAIN_LARGEARENA_KM017R-KM017G_SessNum3_Camera2.mp4,060625_COOPTRAIN_LARGEARENA_KM017R-KM017G_SessNum3,multi,train,True,RG,0.5091292186522395,0.5466324389974605,False,-1,False,False,coop,,True,0.41154631776526446,0.45794919215339885
060225_COOPTRAIN_LARGEARENA_KF023G-KF023B_SessNum3_Camera4.mp4,060225_COOPTRAIN_LARGEARENA_KF023G-KF023B_SessNum3,multi,train,False,GB,-1.0,-1.0,False,-1,False,False,coop,,True,,
060425_COOPTRAIN_LARGEARENA_KM027G-KM022Y_SessNum4_Camera2.mp4,060425_COOPTRAIN_LARGEARENA_KM027G-KM022Y_SessNum4,multi,train,False,GY,-1.0,-1.0,False,-1,False,False,coop,,True,,
060925_COOPTRAIN_LARGEARENA_KF026R-KF026Y_SessNum4_Camera3.mp4,060925_COOPTRAIN_LARGEARENA_KF026R-KF026Y_SessNum4,multi,train,False,RY,-1.0,-1.0,False,-1,False,False,coop,,True,,
061325_COOPTRAIN_LARGEARENA_FIBER_KM018Y-KM018B_Cam1_SessNum2_Camera1.mp4,061325_COOPTRAIN_LARGEARENA_FIBER_KM018Y-KM018B_Cam1_SessNum2,multi,train,True,YB,0.5239709264881773,0.5585923268009937,False,-1,False,False,coop,,True,0.4321165700616432,0.4750023001196062
060225_COOPTRAIN_LARGEARENA_KM017R-KM017G_SessNum1_Camera2.mp4,060225_COOPTRAIN_LARGEARENA_KM017R-KM017G_SessNum1,multi,train,True,RG,0.47948142300291113,0.5228770908373217,False,-1,False,False,coop,,True,0.37811466916662556,0.4317023979868752
060325_COOPTRAIN_LARGEARENA_KF024G-KF025Y_SessNum6_Camera3.mp4,060325_COOPTRAIN_LARGEARENA_KF024G-KF025Y_SessNum6,multi,train,False,GY,-1.0,-1.0,False,-1,False,False,coop,,True,,
061825_COOPTRAIN_LARGEARENA_FIBER_KF026R-KF025B_Cam4_SessNum4_Camera3.mp4,061825_COOPTRAIN_LARGEARENA_FIBER_KF026R-KF025B_Cam4_SessNum4,multi,train,False,RB,-1.0,-1.0,False,-1,False,False,coop,,True,,
062025_COOPTRAIN_LARGEARENA_FIBER_KF025Y-KF024G_Cam3_SessNum3_Camera3.mp4,062025_COOPTRAIN_LARGEARENA_FIBER_KF025Y-KF024G_Cam3_SessNum3,multi,train,False,GY,-1.0,-1.0,False,-1,False,False,coop,,True,,
060525_COOPTRAIN_LARGEARENA_KF024R-KF025B_SessNum1_Camera3.mp4,060525_COOPTRAIN_LARGEARENA_KF024R-KF025B_SessNum1,multi,train,False,RB,-1.0,-1.0,False,-1,False,False,coop,,True,,
060325_COOPTRAIN_LARGEARENA_KM017R-KM017G_SessNum1_Camera2.mp4,060325_COOPTRAIN_LARGEARENA_KM017R-KM017G_SessNum1,multi,train,True,RG,0.5158094256638633,0.5564251670009753,False,-1,False,False,coop,,True,0.41927136048287666,0.46950967041460406
061025_COOPTRAIN_LARGEARENA_KF025B-KF024R_SessNum3_Camera4.mp4,061025_COOPTRAIN_LARGEARENA_KF025B-KF024R_SessNum3,multi,train,False,RB,-1.0,-1.0,False,-1,False,False,coop,,True,,
061925_COOPTRAIN_LARGEARENA_FIBER_KM022Y-KM027G_Cam2_SessNum2_Camera2.mp4,061925_COOPTRAIN_LARGEARENA_FIBER_KM022Y-KM027G_Cam2_SessNum2,multi,train,False,GY,-1.0,-1.0,False,-1,False,False,coop,,True,,
060325_COOPTRAIN_LARGEARENA_KM027R-KM022B_SessNum4_Camera2.mp4,060325_COOPTRAIN_LARGEARENA_KM027R-KM022B_SessNum4,multi,train,False,RB,-1.0,-1.0,False,-1,False,False,coop,,True,,
060225_COOPTRAIN_LARGEARENA_KF023B-KF023G_SessNum1_Camera3.mp4,060225_COOPTRAIN_LARGEARENA_KF023B-KF023G_SessNum1,multi,train,False,GB,-1.0,-1.0,False,-1,False,False,coop,,True,,
061925_COOPTRAIN_LARGEARENA_FIBER_KF026R-KF025B_Cam4_SessNum1_Camera4.mp4,061925_COOPTRAIN_LARGEARENA_FIBER_KF026R-KF025B_Cam4_SessNum1,multi,train,False,RB,-1.0,-1.0,False,-1,False,False,coop,,True,,
061325_COOPTRAIN_LARGEARENA_FIBER_KF023G-KF023B_Cam3_SessNum4_Camera3.mp4,061325_COOPTRAIN_LARGEARENA_FIBER_KF023G-KF023B_Cam3_SessNum4,multi,train,False,GB,-1.0,-1.0,False,-1,False,False,coop,,True,,
061025_COOPTRAIN_LARGEARENA_KM022Y-KM027G_SessNum2_Camera2.mp4,061025_COOPTRAIN_LARGEARENA_KM022Y-KM027G_SessNum2,multi,train,False,GY,-1.0,-1.0,False,-1,False,False,coop,,True,,
060625_COOPTRAIN_LARGEARENA_KM027G-KM022Y_SessNum2_Camera1.mp4,060625_COOPTRAIN_LARGEARENA_KM027G-KM022Y_SessNum2,multi,train,False,GY,-1.0,-1.0,False,-1,False,False,coop,,True,,
060225_COOPTRAIN_LARGEARENA_KM018B-KM018Y_SessNum2_Camera1.mp4,060225_COOPTRAIN_LARGEARENA_KM018B-KM018Y_SessNum2,multi,train,True,YB,0.5540646515224035,0.5834413313206436,False,-1,False,False,coop,,True,0.4632193218217297,0.49968244909981224
061325_COOPTRAIN_LARGEARENA_FIBER_KF024G-KF025Y_Cam3_SessNum3_Camera3.mp4,061325_COOPTRAIN_LARGEARENA_FIBER_KF024G-KF025Y_Cam3_SessNum3,multi,train,False,GY,-1.0,-1.0,False,-1,False,False,coop,,True,,
061825_COOPTRAIN_LARGEARENA_FIBER_KM017G-KM017R_Cam1_SessNum4_Camera1.mp4,061825_COOPTRAIN_LARGEARENA_FIBER_KM017G-KM017R_Cam1_SessNum4,multi,train,True,RG,0.5543292142887267,0.6083758593058074,False,-1,False,False,coop,,True,0.45763042469739784,0.5248460630087302
061825_COOPTRAIN_LARGEARENA_FIBER_KM022B-KM027R_Cam2_SessNum1_Camera2.mp4,061825_COOPTRAIN_LARGEARENA_FIBER_KM022B-KM027R_Cam2_SessNum1,multi,train,False,RB,-1.0,-1.0,False,-1,False,False,coop,,True,,
061225_COOPTRAIN_LARGEARENA_FIBER_KF026R-KF026Y_Cam4_SessNum3_Camera4.mp4,061225_COOPTRAIN_LARGEARENA_FIBER_KF026R-KF026Y_Cam4_SessNum3,multi,train,False,RY,-1.0,-1.0,False,-1,False,False,coop,,True,,
061725_COOPTRAIN_LARGEARENA_FIBER_KM022Y-KM027G_Cam2_SessNum4_Camera2.mp4,061725_COOPTRAIN_LARGEARENA_FIBER_KM022Y-KM027G_Cam2_SessNum4,multi,train,False,GY,-1.0,-1.0,False,-1,False,False,coop,,True,,
061725_COOPTRAIN_LARGEARENA_FIBER_KM027R-KM022B_Cam1_SessNum1_Camera1.mp4,061725_COOPTRAIN_LARGEARENA_FIBER_KM027R-KM022B_Cam1_SessNum1,multi,train,False,RB,-1.0,-1.0,False,-1,False,False,coop,,True,,
061725_COOPTRAIN_LARGEARENA_FIBER_KM017R-KM017G_Cam1_SessNum3_Camera1.mp4,061725_COOPTRAIN_LARGEARENA_FIBER_KM017R-KM017G_Cam1_SessNum3,multi,train,True,RG,0.5386845917845577,0.5920530083517982,False,-1,False,False,coop,,True,0.4404694690642577,0.5067592040224987
061825_COOPTRAIN_LARGEARENA_FIBER_KM027G-KM022Y_Cam2_SessNum4_Camera2.mp4,061825_COOPTRAIN_LARGEARENA_FIBER_KM027G-KM022Y_Cam2_SessNum4,multi,train,False,GY,-1.0,-1.0,False,-1,False,False,coop,,True,,
062025_COOPTRAIN_LARGEARENA_FIBER_KF024G-KF025Y_Cam4_SessNum1_Camera4.mp4,062025_COOPTRAIN_LARGEARENA_FIBER_KF024G-KF025Y_Cam4_SessNum1,multi,train,False,GY,-1.0,-1.0,False,-1,False,False,coop,,True,,
060225_COOPTRAIN_LARGEARENA_KM027R-KM022B_SessNum3_Camera2.mp4,060225_COOPTRAIN_LARGEARENA_KM027R-KM022B_SessNum3,multi,train,False,RB,-1.0,-1.0,False,-1,False,False,coop,,True,,
061925_COOPTRAIN_LARGEARENA_FIBER_KF024G-KF025Y_Cam3_SessNum1_Camera3.mp4,061925_COOPTRAIN_LARGEARENA_FIBER_KF024G-KF025Y_Cam3_SessNum1,multi,train,False,GY,-1.0,-1.0,False,-1,False,False,coop,,True,,
062025_COOPTRAIN_LARGEARENA_FIBER_KM017R-KM017G_Cam2_SessNum1_Camera2.mp4,062025_COOPTRAIN_LARGEARENA_FIBER_KM017R-KM017G_Cam2_SessNum1,multi,train,True,RG,0.6020145755001625,0.6543471197140602,False,-1,False,False,coop,,True,0.5122255489021956,0.5774671587058441
061325_COOPTRAIN_LARGEARENA_FIBER_KM017G-KM017R_Cam2_SessNum1_Camera2.mp4,061325_COOPTRAIN_LARGEARENA_FIBER_KM017G-KM017R_Cam2_SessNum1,multi,train,True,RG,0.5763990133274427,0.6052923201531552,False,-1,False,False,coop,,True,0.4997606950887269,0.5352698623076356
062625_COOPTRAIN_LARGEARENA_FIBER_KM022Y-KM027G_Cam1_SessNum1_Camera1.mp4,062625_COOPTRAIN_LARGEARENA_FIBER_KM022Y-KM027G_Cam1_SessNum1,multi,train,False,GY,-1.0,-1.0,False,-1,False,False,coop,,True,,
060925_COOPTRAIN_LARGEARENA_KM027R-KM022B_SessNum1_Camera2.mp4,060925_COOPTRAIN_LARGEARENA_KM027R-KM022B_SessNum1,multi,train,False,RB,-1.0,-1.0,False,-1,False,False,coop,,True,,
060325_COOPTRAIN_LARGEARENA_KF024G-KF025Y_SessNum2_Camera3.mp4,060325_COOPTRAIN_LARGEARENA_KF024G-KF025Y_SessNum2,multi,train,False,GY,-1.0,-1.0,False,-1,False,False,coop,,True,,
060325_COOPTRAIN_LARGEARENA_KM017G-KM017R_SessNum5_Camera1.mp4,060325_COOPTRAIN_LARGEARENA_KM017G-KM017R_SessNum5,multi,train,True,RG,0.5114229290094585,0.5372310570626754,False,-1,False,False,coop,,True,0.4248432248899976,0.4568608599244708
061625_COOPTRAIN_LARGEARENA_FIBER_KF026R-KF025B_Cam4_SessNum4_Camera3.mp4,061625_COOPTRAIN_LARGEARENA_FIBER_KF026R-KF025B_Cam4_SessNum4,multi,train,False,RB,-1.0,-1.0,False,-1,False,False,coop,,True,,
061125_COOPTRAIN_LARGEARENA_KM022Y-KM027G_SessNum2_Camera1.mp4,061125_COOPTRAIN_LARGEARENA_KM022Y-KM027G_SessNum2,multi,train,False,GY,-1.0,-1.0,False,-1,False,False,coop,,True,,
060325_COOPTRAIN_LARGEARENA_KM022B-KM027R_SessNum1_Camera1.mp4,060325_COOPTRAIN_LARGEARENA_KM022B-KM027R_SessNum1,multi,train,False,RB,-1.0,-1.0,False,-1,False,False,coop,,True,,
061325_COOPTRAIN_LARGEARENA_FIBER_KF023B-KF023G_Cam3_SessNum2_Camera3.mp4,061325_COOPTRAIN_LARGEARENA_FIBER_KF023B-KF023G_Cam3_SessNum2,multi,train,False,GB,-1.0,-1.0,False,-1,False,False,coop,,True,,
060625_COOPTRAIN_LARGEARENA_KM018Y-KM018B_SessNum1_Camera2.mp4,060625_COOPTRAIN_LARGEARENA_KM018Y-KM018B_SessNum1,multi,train,True,YB,0.5248351324466713,0.5523173562244409,False,-1,False,False,coop,,True,0.43403686033231403,0.4678784585344288
061925_COOPTRAIN_LARGEARENA_FIBER_KM027R-KM022B_Cam2_SessNum3_Camera2.mp4,061925_COOPTRAIN_LARGEARENA_FIBER_KM027R-KM022B_Cam2_SessNum3,multi,train,False,RB,-1.0,-1.0,False,-1,False,False,coop,,True,,
060625_COOPTRAIN_LARGEARENA_KF026R-KF026Y_SessNum4_Camera4.mp4,060625_COOPTRAIN_LARGEARENA_KF026R-KF026Y_SessNum4,multi,train,False,RY,-1.0,-1.0,False,-1,False,False,coop,,True,,
061825_COOPTRAIN_LARGEARENA_FIBER_KM027R-KM022B_Cam2_SessNum3_Camera2.mp4,061825_COOPTRAIN_LARGEARENA_FIBER_KM027R-KM022B_Cam2_SessNum3,multi,train,False,RB,-1.0,-1.0,False,-1,False,False,coop,,True,,
060625_COOPTRAIN_LARGEARENA_KM018B-KM018Y_SessNum4_Camera1.mp4,060625_COOPTRAIN_LARGEARENA_KM018B-KM018Y_SessNum4,multi,train,True,YB,0.5155967691486817,0.5404261191146437,False,-1,False,False,coop,,True,0.43046586079372967,0.4611851667862597
061625_COOPTRAIN_LARGEARENA_FIBER_KM018Y-KM018B_Cam2_SessNum3_Camera2.mp4,061625_COOPTRAIN_LARGEARENA_FIBER_KM018Y-KM018B_Cam2_SessNum3,multi,train,True,YB,0.5247955349248453,0.5598382699675803,False,-1,False,False,coop,,True,0.44103208812260536,0.4841286287945771
061025_COOPTRAIN_LARGEARENA_KF024R-KF025B_SessNum2_Camera3.mp4,061025_COOPTRAIN_LARGEARENA_KF024R-KF025B_SessNum2,multi,train,False,RB,-1.0,-1.0,False,-1,False,False,coop,,True,,
062325_COOPTRAIN_LARGEARENA_FIBER_KF025Y-KF024G_Cam4_SessNum4_Camera4.mp4,062325_COOPTRAIN_LARGEARENA_FIBER_KF025Y-KF024G_Cam4_SessNum4,multi,train,False,GY,-1.0,-1.0,False,-1,False,False,coop,,True,,
060925_COOPTRAIN_LARGEARENA_KF025B-KF024R_SessNum2_Camera4.mp4,060925_COOPTRAIN_LARGEARENA_KF025B-KF024R_SessNum2,multi,train,False,RB,-1.0,-1.0,False,-1,False,False,coop,,True,,
060625_COOPTRAIN_LARGEARENA_KM022B-KM027R_SessNum3_Camera1.mp4,060625_COOPTRAIN_LARGEARENA_KM022B-KM027R_SessNum3,multi,train,False,RB,-1.0,-1.0,False,-1,False,False,coop,,True,,
062325_COOPTRAIN_LARGEARENA_FIBER_KF026R-KF025B_Cam4_SessNum1_Camera4.mp4,062325_COOPTRAIN_LARGEARENA_FIBER_KF026R-KF025B_Cam4_SessNum1,multi,train,False,RB,-1.0,-1.0,False,-1,False,False,coop,,True,,
060425_COOPTRAIN_LARGEARENA_KF024R-KF025B_SessNum1_Camera3.mp4,060425_COOPTRAIN_LARGEARENA_KF024R-KF025B_SessNum1,multi,train,False,RB,-1.0,-1.0,False,-1,False,False,coop,,True,,
